date,title,content,source,url,author
2023-01-03,META Reports Q4 2023 Earnings: Revenue strong 17%,"Meta Platforms reported strong earnings for Q4 2023, with revenue strong 17% year-over-year. The company's advertising business showed mixed performance amid market volatility.",Wall Street Journal,https://www.wallstreetjournal.com/article/20324,
2023-01-17,META Stock falls 14% After regulatory news,"Meta Platforms shares falls 14% following regulatory news. Investors reacted to market reactions, with analysts noting potential opportunities.",Financial Times,https://www.reuters.com/article/36019,Tom Wilson
2023-01-23,META Stock rises 21% After regulatory news,"Meta Platforms shares rises 21% following regulatory news. Investors reacted to management commentary, with analysts noting strategic shifts.",Business Insider,https://www.businessinsider.com/article/25012,John Smith
2023-01-26,META Announces AI features for WhatsApp,"Meta Platforms unveiled new AI features for WhatsApp, aiming to boost monetization. The update includes enhanced security and is expected to increase revenue.",CNBC,https://www.businessinsider.com/article/11353,Jennifer Lee
2023-02-09,META Stock falls 18% After regulatory news,"Meta Platforms shares falls 18% following regulatory news. Investors reacted to market reactions, with analysts noting continued challenges.",Business Insider,https://www.wallstreetjournal.com/article/60451,Alex Chen
2023-03-17,META Reports Q1 2023 Earnings: Revenue strong 8%,"Meta Platforms reported strong earnings for Q1 2023, with revenue strong 8% year-over-year. The company's advertising business showed strong performance amid market volatility.",Financial Times,https://www.wallstreetjournal.com/article/88852,John Smith
2023-03-21,META Stock falls 8% After regulatory news,"Meta Platforms shares falls 8% following regulatory news. Investors reacted to management commentary, with analysts noting strategic shifts.",Wall Street Journal,https://www.businessinsider.com/article/24450,Jennifer Lee
2023-04-21,META Reports Q1 2023 Earnings: Revenue strong 20%,"Meta Platforms reported strong earnings for Q1 2023, with revenue strong 20% year-over-year. The company's advertising business showed challenging performance amid market volatility.",Reuters,https://www.businessinsider.com/article/25862,Jennifer Lee
2023-04-28,META Stock rises 17% After product launch,"Meta Platforms shares rises 17% following product launch. Investors reacted to management commentary, with analysts noting strategic shifts.",Business Insider,https://www.cnbc.com/article/62638,
2023-06-01,META Reports Q3 2024 Earnings: Revenue mixed 7%,"Meta Platforms reported mixed earnings for Q3 2024, with revenue mixed 7% year-over-year. The company's advertising business showed challenging performance amid economic uncertainty.",Bloomberg,https://www.marketwatch.com/article/98501,Lisa Anderson
2023-06-04,META Announces privacy updates for Instagram,"Meta Platforms unveiled new privacy updates for Instagram, aiming to boost monetization. The update includes enhanced security and is expected to drive user growth.",Reuters,https://www.cnbc.com/article/36312,Jennifer Lee
2023-06-13,META Faces economic headwinds in social media,Meta Platforms is navigating economic headwinds in the social media sector. The company has outlined plans to address user privacy.,Reuters,https://www.financialtimes.com/article/50101,Emma Wilson
2023-07-11,META Faces economic headwinds in social media,Meta Platforms is navigating economic headwinds in the social media sector. The company has outlined plans to address market competition.,Reuters,https://www.cnbc.com/article/57911,Maria Garcia
2023-07-13,META Faces economic headwinds in social media,Meta Platforms is navigating economic headwinds in the social media sector. The company has committed resources to address content moderation.,Wall Street Journal,https://www.bloomberg.com/article/95098,John Smith
2023-07-14,META Stock drops 15% After regulatory news,"Meta Platforms shares drops 15% following regulatory news. Investors reacted to the quarterly results, with analysts noting strategic shifts.",Wall Street Journal,https://www.marketwatch.com/article/70948,Mike Davis
2023-08-04,META Stock drops 23% After earnings report,"Meta Platforms shares drops 23% following earnings report. Investors reacted to market reactions, with analysts noting potential opportunities.",MarketWatch,https://www.bloomberg.com/article/29914,Lisa Anderson
2023-08-07,META Reports Q3 2023 Earnings: Revenue strong 23%,"Meta Platforms reported strong earnings for Q3 2023, with revenue strong 23% year-over-year. The company's advertising business showed mixed performance amid market volatility.",MarketWatch,https://www.businessinsider.com/article/22916,
2023-08-21,META Reports Q3 2024 Earnings: Revenue mixed 12%,"Meta Platforms reported mixed earnings for Q3 2024, with revenue mixed 12% year-over-year. The company's advertising business showed challenging performance amid industry changes.",Wall Street Journal,https://www.marketwatch.com/article/87877,Jennifer Lee
2023-09-09,META Stock rises 25% After product launch,"Meta Platforms shares rises 25% following product launch. Investors reacted to market reactions, with analysts noting potential opportunities.",CNBC,https://www.cnbc.com/article/89131,Lisa Anderson
2023-09-25,META Announces AI features for Facebook,"Meta Platforms unveiled new AI features for Facebook, aiming to improve engagement. The update includes enhanced security and is expected to increase revenue.",CNBC,https://www.bloomberg.com/article/59158,Jennifer Lee
2023-10-02,META Stock climbs 18% After regulatory news,"Meta Platforms shares climbs 18% following regulatory news. Investors reacted to the quarterly results, with analysts noting potential opportunities.",CNBC,https://www.bloomberg.com/article/51890,Alex Chen
2023-10-16,META Reports Q1 2023 Earnings: Revenue mixed 11%,"Meta Platforms reported mixed earnings for Q1 2023, with revenue mixed 11% year-over-year. The company's advertising business showed mixed performance amid economic uncertainty.",CNBC,https://www.marketwatch.com/article/80208,Emma Wilson
2023-10-21,META Announces content tools for Instagram,"Meta Platforms unveiled new content tools for Instagram, aiming to boost monetization. The update includes enhanced security and is expected to drive user growth.",CNBC,https://www.bloomberg.com/article/63152,John Smith
2023-10-30,META Announces content tools for Facebook,"Meta Platforms unveiled new content tools for Facebook, aiming to boost monetization. The update includes enhanced security and is expected to increase revenue.",MarketWatch,https://www.cnbc.com/article/88040,Maria Garcia
2023-11-11,META Faces economic headwinds in technology,Meta Platforms is navigating economic headwinds in the technology sector. The company has outlined plans to address user privacy.,Financial Times,https://www.financialtimes.com/article/50902,Jennifer Lee
2023-12-29,META Faces regulatory scrutiny in technology,Meta Platforms is navigating regulatory scrutiny in the technology sector. The company has committed resources to address market competition.,Reuters,https://www.marketwatch.com/article/61852,Alex Chen
2024-01-08,META Reports Q2 2023 Earnings: Revenue weak 11%,"Meta Platforms reported weak earnings for Q2 2023, with revenue weak 11% year-over-year. The company's advertising business showed challenging performance amid market volatility.",Reuters,https://www.reuters.com/article/11246,
2024-01-13,META Stock climbs 19% After earnings report,"Meta Platforms shares climbs 19% following earnings report. Investors reacted to management commentary, with analysts noting potential opportunities.",Wall Street Journal,https://www.bloomberg.com/article/21471,John Smith
2024-01-23,META Faces competitive pressure in advertising,Meta Platforms is navigating competitive pressure in the advertising sector. The company has committed resources to address user privacy.,Wall Street Journal,https://www.businessinsider.com/article/29427,Sarah Johnson
2024-01-23,META Announces content tools for Facebook,"Meta Platforms unveiled new content tools for Facebook, aiming to boost monetization. The update includes enhanced security and is expected to strengthen market position.",Bloomberg,https://www.bloomberg.com/article/10823,Emma Wilson
2024-02-07,META Announces AI features for WhatsApp,"Meta Platforms unveiled new AI features for WhatsApp, aiming to improve engagement. The update includes enhanced security and is expected to strengthen market position.",Reuters,https://www.businessinsider.com/article/42562,Jennifer Lee
2024-03-11,META Faces economic headwinds in advertising,Meta Platforms is navigating economic headwinds in the advertising sector. The company has committed resources to address market competition.,Wall Street Journal,https://www.financialtimes.com/article/37921,Sarah Johnson
2024-03-12,META Stock drops 25% After product launch,"Meta Platforms shares drops 25% following product launch. Investors reacted to the quarterly results, with analysts noting continued challenges.",MarketWatch,https://www.marketwatch.com/article/15858,Lisa Anderson
2024-03-19,META Faces economic headwinds in social media,Meta Platforms is navigating economic headwinds in the social media sector. The company has outlined plans to address user privacy.,Bloomberg,https://www.marketwatch.com/article/23280,Lisa Anderson
2024-04-19,META Announces privacy updates for WhatsApp,"Meta Platforms unveiled new privacy updates for WhatsApp, aiming to boost monetization. The update includes new user interfaces and is expected to strengthen market position.",Wall Street Journal,https://www.wallstreetjournal.com/article/71702,Sarah Johnson
